year,df_f
1950,0.301932941473548
1960,0.305498834721715
1970,0.28089388200537
1980,0.351418823856281
